Workbook

Sheet Sales
A1: Region | B1: Product | C1: Month | D1: Units | E1: Price | F1: Revenue | G1: Rep | H1: Note
A2: North | B2: Doohickey | C2: 2026-02 | D2: 69 | E2: 52.09 | F2: =D2*E2 | G2: Dmitri | H2: ok
A3: South | B3: Widget | C3: 2026-08 | D3: 242 | E3: 59.34 | F3: =D3*E3 | G3: Aino | H3: ok
A4: North | B4: Sprocket | C4: 2026-08 | D4: 200 | E4: 40.08 | F4: =D4*E4 | G4: Carla | H4: ok
A5: North | B5: Doohickey | C5: 2026-01 | D5: 118 | E5: 54.02 | F5: =D5*E5 | G5: Aino | H5: ok
A6: West | B6: Sprocket | C6: 2026-04 | D6: 278 | E6: 2.81 | F6: =D6*E6 | G6: Dmitri | H6: ok
A7: West | B7: Gizmo | C7: 2026-09 | D7: 271 | E7: 21.51 | F7: =D7*E7 | G7: Bertil | H7: ok
A8: West | B8: Doohickey | C8: 2026-01 | D8: 347 | E8: 21.25 | F8: =D8*E8 | G8: Dmitri | H8: ok
A9: North | B9: Gadget | C9: 2026-11 | D9: 285 | E9: 83.15 | F9: =D9*E9 | G9: Fatima | H9: ok
A10: Central | B10: Gizmo | C10: 2026-09 | D10: 62 | E10: 67.4 | F10: =D10*E10 | G10: Gustav | H10: check
A11: Central | B11: Gizmo | C11: 2026-09 | D11: 98 | E11: 28.7 | F11: =D11*E11 | G11: Dmitri | H11: ok
A12: West | B12: Gizmo | C12: 2026-11 | D12: 18 | E12: 44.26 | F12: =D12*E12 | G12: Bertil | H12: ok
A13: East | B13: Widget | C13: 2026-08 | D13: 452 | E13: 63.87 | F13: =D13*E13 | G13: Fatima | H13: ok
... A2001: South | B2001: Widget | C2001: 2026-03 | D2001: 290 | E2001: 31.67 | F2001: =D2001*E2001 | G2001: Fatima | H2001: ok

Sheet Summary
A1: Region | B1: Revenue
A2: North | B2: =SUMIF(Sales!A:A,"North",Sales!F:F)
A3: South | B3: =SUMIF(Sales!A:A,"South",Sales!F:F)
A4: East | B4: =SUMIF(Sales!A:A,"East",Sales!F:F)
A5: West | B5: =SUMIF(Sales!A:A,"West",Sales!F:F)
A6: Central | B6: =SUMIF(Sales!A:A,"Central",Sales!F:F)

Sheet Targets
A1: T1 | B1: 5215 | C1: 769 | D1: 7266 | E1: 3478 | F1: 3296 | G1: 8150 | H1: 512 | I1: 8495 | J1: 9862 | K1: 8562 | L1: 9807 | M1: 5132
A2: T2 | B2: 9945 | C2: 3870 | D2: 1666 | E2: 5476 | F2: 240 | G2: 8226 | H2: 7009 | I2: 3540 | J2: 3828 | K2: 7767 | L2: 2726 | M2: 2701
A3: T3 | B3: 2478 | C3: 9008 | D3: 2748 | E3: 7545 | F3: 5933 | G3: 1680 | H3: 4023 | I3: 4855 | J3: 7059 | K3: 7146 | L3: 7441 | M3: 180
A4: T4 | B4: 6751 | C4: 2495 | D4: 7234 | E4: 8728 | F4: 4228 | G4: 6465 | H4: 6066 | I4: 5075 | J4: 7124 | K4: 7997 | L4: 9969 | M4: 9567
A5: T5 | B5: 1856 | C5: 5535 | D5: 1727 | E5: 2837 | F5: 2630 | G5: 5064 | H5: 8650 | I5: 8648 | J5: 3049 | K5: 1525 | L5: 7468 | M5: 8249
A6: T6 | B6: 6764 | C6: 1744 | D6: 8571 | E6: 8928 | F6: 7919 | G6: 6406 | H6: 9168 | I6: 6247 | J6: 6041 | K6: 5174 | L6: 5016 | M6: 7443
A7: T7 | B7: 7853 | C7: 7718 | D7: 5030 | E7: 4403 | F7: 7895 | G7: 4124 | H7: 5500 | I7: 3683 | J7: 8658 | K7: 8900 | L7: 9221 | M7: 7109
A8: T8 | B8: 5065 | C8: 1986 | D8: 9090 | E8: 846 | F8: 5486 | G8: 6418 | H8: 7826 | I8: 1830 | J8: 1299 | K8: 2124 | L8: 7742 | M8: 5573
A9: T9 | B9: 4770 | C9: 6416 | D9: 1127 | E9: 6132 | F9: 3424 | G9: 8137 | H9: 1183 | I9: 1401 | J9: 7520 | K9: 6075 | L9: 5534 | M9: 5051
A10: T10 | B10: 2073 | C10: 6397 | D10: 1004 | E10: 3676 | F10: 7698 | G10: 7882 | H10: 2038 | I10: 4809 | J10: 5974 | K10: 4124 | L10: 1933 | M10: 7964
A11: T11 | B11: 2652 | C11: 7243 | D11: 971 | E11: 832 | F11: 510 | G11: 684 | H11: 1657 | I11: 4629 | J11: 1797 | K11: 3500 | L11: 1710 | M11: 4366
A12: T12 | B12: 9531 | C12: 373 | D12: 8512 | E12: 8939 | F12: 8296 | G12: 1497 | H12: 4851 | I12: 2828 | J12: 7657 | K12: 2304 | L12: 3140 | M12: 9904
... A200: T200 | B200: 9479 | C200: 6606 | D200: 7241 | E200: 5747 | F200: 7431 | G200: 6407 | H200: 2154 | I200: 6451 | J200: 3390 | K200: 7474 | L200: 1045 | M200: 4765
